<?xml version="1.0" encoding="UTF-8"?>
<project-private xmlns="http://www.netbeans.org/ns/project-private/1">
    <editor-bookmarks xmlns="http://www.netbeans.org/ns/editor-bookmarks/2" lastBookmarkId="0"/>
    <open-files xmlns="http://www.netbeans.org/ns/projectui-open-files/2">
        <group>
            <file>file:/C:/Users/INT105/Documents/INT105_Classwork/Week13/INT105_Functional/src/functional1/Me.java</file>
            <file>file:/C:/Users/INT105/Documents/INT105_Classwork/Week13/INT105_Functional/src/functional1/Greeting.java</file>
            <file>file:/C:/Users/INT105/Documents/INT105_Classwork/Week13/INT105_Functional/src/functional1/FunctionalTest1.java</file>
            <file>file:/C:/Users/INT105/Documents/INT105_Classwork/Week13/INT105_Functional/src/functional2/FunctionalTest2.java</file>
            <file>file:/C:/Users/INT105/Documents/INT105_Classwork/Week13/INT105_Functional/src/functional1/TestString.java</file>
            <file>file:/C:/Users/INT105/Documents/INT105_Classwork/Week13/INT105_Functional/src/functional3/FunctionalTest3.java</file>
            <file>file:/C:/Users/INT105/Documents/INT105_Classwork/Week13/INT105_Functional/src/functional1/Testing.java</file>
        </group>
    </open-files>
</project-private>
