<?xml version="1.0" encoding="UTF-8"?>
<project-private xmlns="http://www.netbeans.org/ns/project-private/1">
    <editor-bookmarks xmlns="http://www.netbeans.org/ns/editor-bookmarks/2" lastBookmarkId="0"/>
    <open-files xmlns="http://www.netbeans.org/ns/projectui-open-files/2">
        <group>
            <file>file:/C:/Users/INT105/Documents/INT105_Classwork/Week5/int102finalLab_solution/src/int102final_lab_exam1/FruitCollection.java</file>
            <file>file:/C:/Users/INT105/Documents/INT105_Classwork/Week5/int102finalLab_solution/src/MovieDriver.java</file>
            <file>file:/C:/Users/INT105/Documents/INT105_Classwork/Week5/int102finalLab_solution/src/int102final_lab_exam2/MovieList.java</file>
            <file>file:/C:/Users/INT105/Documents/INT105_Classwork/Week5/int102finalLab_solution/src/int102final_lab_exam1/Fruit.java</file>
            <file>file:/C:/Users/INT105/Documents/INT105_Classwork/Week5/int102finalLab_solution/src/int102final_lab_exam1/ObjectCreationExcepton.java</file>
            <file>file:/C:/Users/INT105/Documents/INT105_Classwork/Week5/int102finalLab_solution/src/int102final_lab_exam2/Movie.java</file>
            <file>file:/C:/Users/INT105/Documents/INT105_Classwork/Week5/int102finalLab_solution/src/FruitDriver.java</file>
        </group>
    </open-files>
</project-private>
