<?xml version="1.0" encoding="UTF-8"?>
<project-private xmlns="http://www.netbeans.org/ns/project-private/1">
    <editor-bookmarks xmlns="http://www.netbeans.org/ns/editor-bookmarks/2" lastBookmarkId="0"/>
    <open-files xmlns="http://www.netbeans.org/ns/projectui-open-files/2">
        <group>
            <file>file:/C:/Users/INT105/Documents/INT105_Classwork/int105midtermexercise/src/int105midtermexercise/SimpleList.java</file>
            <file>file:/C:/Users/INT105/Documents/INT105_Classwork/int105midtermexercise/src/int105midtermexercise/Condition.java</file>
            <file>file:/C:/Users/INT105/Documents/INT105_Classwork/int105midtermexercise/src/int105midtermexercise/NonNullList.java</file>
            <file>file:/C:/Users/INT105/Documents/INT105_Classwork/int105midtermexercise/src/int105midtermexercise/Int105midtermexercise.java</file>
        </group>
    </open-files>
</project-private>
